{"_timestamp":1.7668541038780494e+09,"_step":0,"_wandb":{"runtime":9},"_runtime":9,"roc_auc":0.962894321601838}