{"_wandb":{"runtime":22},"_step":0,"roc_auc":0.9619926895726724,"_timestamp":1.766854020454057e+09,"_runtime":22}