{"_wandb":{"runtime":11},"_runtime":11,"roc_auc":0.9617658574561612,"_timestamp":1.7668539883998635e+09,"_step":0}