{"_wandb":{"runtime":10},"_runtime":10,"roc_auc":0.9624342773595116,"_timestamp":1.7668541308080645e+09,"_step":0}