{"roc_auc":0.9609341017193745,"_timestamp":1.76685394713361e+09,"_step":0,"_wandb":{"runtime":7},"_runtime":7}