{"_timestamp":1.76685408429814e+09,"_step":0,"_wandb":{"runtime":32},"_runtime":32,"roc_auc":0.9622638399680999}