{"_step":0,"_runtime":9,"_wandb":{"runtime":9},"roc_auc":0.9625744856592202,"_timestamp":1.7668540410268452e+09}