{"_timestamp":1.766853901650046e+09,"_step":0,"_wandb":{"runtime":11},"_runtime":11,"roc_auc":0.9621080614075893}