{"_timestamp":1.7668539284815037e+09,"_step":0,"_runtime":10,"_wandb":{"runtime":10},"roc_auc":0.962469747173143}