{"_runtime":11,"_wandb":{"runtime":11},"_step":0,"roc_auc":0.9621353663283616,"_timestamp":1.7668539672968717e+09}